--------------------------------------------------------
--  파일이 생성됨 - 금요일-12월-02-2022   
--------------------------------------------------------
REM INSERTING into MEMBER
SET DEFINE OFF;
Insert into MEMBER (SSN,NAME,RANK) values ('D1017','정수호','부장');
Insert into MEMBER (SSN,NAME,RANK) values ('D1018','노자훈','차장');
Insert into MEMBER (SSN,NAME,RANK) values ('D1019','최인순','사원');
Insert into MEMBER (SSN,NAME,RANK) values ('D1020','김성준','사원');
Insert into MEMBER (SSN,NAME,RANK) values ('D1024','최시은','과장');
Insert into MEMBER (SSN,NAME,RANK) values ('D1025','고현수','과장');
Insert into MEMBER (SSN,NAME,RANK) values ('D1028','유정석','대리');
Insert into MEMBER (SSN,NAME,RANK) values ('D1029','강한남','대리');
Insert into MEMBER (SSN,NAME,RANK) values ('D1031','정나리','사원');
Insert into MEMBER (SSN,NAME,RANK) values ('D1032','이만해','사원');
Insert into MEMBER (SSN,NAME,RANK) values ('G1013','김영보','부장');
Insert into MEMBER (SSN,NAME,RANK) values ('G1014','최승옥','차장');
Insert into MEMBER (SSN,NAME,RANK) values ('G1023','이영민','과장');
Insert into MEMBER (SSN,NAME,RANK) values ('G1024','윤다연','과장');
Insert into MEMBER (SSN,NAME,RANK) values ('G1035','김초롱','사원');
Insert into MEMBER (SSN,NAME,RANK) values ('G1036','윤명애','사원');
Insert into MEMBER (SSN,NAME,RANK) values ('H1015','박경철','차장');
Insert into MEMBER (SSN,NAME,RANK) values ('H1017','한상민','사원');
Insert into MEMBER (SSN,NAME,RANK) values ('H1020','김신협','부장');
Insert into MEMBER (SSN,NAME,RANK) values ('H1021','송지나','과장');
Insert into MEMBER (SSN,NAME,RANK) values ('H1034','문정수','사원');
Insert into MEMBER (SSN,NAME,RANK) values ('H1035','서민형','사원');
Insert into MEMBER (SSN,NAME,RANK) values ('M1014','강순영','부장');
Insert into MEMBER (SSN,NAME,RANK) values ('M1016','이채원','사원');
Insert into MEMBER (SSN,NAME,RANK) values ('M1022','최정순','과장');
Insert into MEMBER (SSN,NAME,RANK) values ('M1023','이승현','과장');
Insert into MEMBER (SSN,NAME,RANK) values ('M1025','민형진','대리');
Insert into MEMBER (SSN,NAME,RANK) values ('M1026','오유나','대리');
Insert into MEMBER (SSN,NAME,RANK) values ('M1027','하수영','대리');
Insert into MEMBER (SSN,NAME,RANK) values ('M1028','장성희','대리');
Insert into MEMBER (SSN,NAME,RANK) values ('M1032','유소현','사원');
Insert into MEMBER (SSN,NAME,RANK) values ('M1033','김영훈','사원');
Insert into MEMBER (SSN,NAME,RANK) values ('M1036','정영숙','사원');
Insert into MEMBER (SSN,NAME,RANK) values ('M1037','이남주','사원');
Insert into MEMBER (SSN,NAME,RANK) values ('P1012','박종호','상무');
Insert into MEMBER (SSN,NAME,RANK) values ('P1013','정준석','대리');
Insert into MEMBER (SSN,NAME,RANK) values ('P1016','김성민','부장');
Insert into MEMBER (SSN,NAME,RANK) values ('P1017','김선주','사원');
Insert into MEMBER (SSN,NAME,RANK) values ('P1021','김원숙','과장');
Insert into MEMBER (SSN,NAME,RANK) values ('P1023','권우진','과장');
Insert into MEMBER (SSN,NAME,RANK) values ('P1026','신이현','대리');
Insert into MEMBER (SSN,NAME,RANK) values ('P1027','윤영자','사원');
Insert into MEMBER (SSN,NAME,RANK) values ('S1011','송영호','상무');
Insert into MEMBER (SSN,NAME,RANK) values ('S1012','신은균','사원');
Insert into MEMBER (SSN,NAME,RANK) values ('S1017','이상호','부장');
Insert into MEMBER (SSN,NAME,RANK) values ('S1018','한영우','사원');
Insert into MEMBER (SSN,NAME,RANK) values ('S1027','이혜원','대리');
Insert into MEMBER (SSN,NAME,RANK) values ('S1029','조아라','대리');
Insert into MEMBER (SSN,NAME,RANK) values ('S1030','박철민','사원');
Insert into MEMBER (SSN,NAME,RANK) values ('S1031','박준희','사원');
Insert into MEMBER (SSN,NAME,RANK) values ('S1032','조시현','사원');
Insert into MEMBER (SSN,NAME,RANK) values ('S1033','조민성','사원');
REM INSERTING into EVENT
SET DEFINE OFF;
Insert into EVENT (EVENTNO,ENAME,ELOCATION,EDATE,EDESCRIPTION,ESTATUS,ATTENDCODE,ATTENDQR,HOSTSSN) values (1,'11월 월말 정산 회의','대구광역시 북구 대학로 80',to_date('22/11/30','RR/MM/DD'),'11월을 보내며',0,'1234',null,'P1012');
Insert into EVENT (EVENTNO,ENAME,ELOCATION,EDATE,EDESCRIPTION,ESTATUS,ATTENDCODE,ATTENDQR,HOSTSSN) values (2,'12월 1주차 정기 회의','대구광역시 북구 대학로 81',to_date('22/12/01','RR/MM/DD'),'날씨 이대로 괜찮은가',1,'5678',null,'P1013');
Insert into EVENT (EVENTNO,ENAME,ELOCATION,EDATE,EDESCRIPTION,ESTATUS,ATTENDCODE,ATTENDQR,HOSTSSN) values (3,'12월 3주차 정기 회의','대구광역시 북구 대학로 82',to_date('22/12/15','RR/MM/DD'),'12월 3주차 정기 회의입니다',2,'9090',null,'P1016');
Insert into EVENT (EVENTNO,ENAME,ELOCATION,EDATE,EDESCRIPTION,ESTATUS,ATTENDCODE,ATTENDQR,HOSTSSN) values (4,'12월 2주차 정기 회의','대구광역시 북구 대학로 83',to_date('22/12/08','RR/MM/DD'),'12월 2주차 정기 회의입니다',2,'1208',null,'P1026');
Insert into EVENT (EVENTNO,ENAME,ELOCATION,EDATE,EDESCRIPTION,ESTATUS,ATTENDCODE,ATTENDQR,HOSTSSN) values (5,'12월 월말 및 연말 정산 회의','대구광역시 북구 대학로 84',to_date('22/12/30','RR/MM/DD'),'2022년 마무리 및 2023년 신년맞이',2,'2023',null,'P1012');
REM INSERTING into ATTEND
SET DEFINE OFF;
Insert into ATTEND (SSN,EVENTNO) values ('D1017',1);
Insert into ATTEND (SSN,EVENTNO) values ('D1018',1);
Insert into ATTEND (SSN,EVENTNO) values ('D1019',1);
Insert into ATTEND (SSN,EVENTNO) values ('D1024',1);
Insert into ATTEND (SSN,EVENTNO) values ('D1025',1);
Insert into ATTEND (SSN,EVENTNO) values ('D1028',1);
Insert into ATTEND (SSN,EVENTNO) values ('D1029',1);
Insert into ATTEND (SSN,EVENTNO) values ('D1031',1);
Insert into ATTEND (SSN,EVENTNO) values ('D1032',1);
Insert into ATTEND (SSN,EVENTNO) values ('G1013',1);
Insert into ATTEND (SSN,EVENTNO) values ('G1035',1);
Insert into ATTEND (SSN,EVENTNO) values ('G1036',1);
Insert into ATTEND (SSN,EVENTNO) values ('H1015',1);
Insert into ATTEND (SSN,EVENTNO) values ('H1017',1);
Insert into ATTEND (SSN,EVENTNO) values ('H1020',1);
Insert into ATTEND (SSN,EVENTNO) values ('H1021',1);
Insert into ATTEND (SSN,EVENTNO) values ('H1034',1);
Insert into ATTEND (SSN,EVENTNO) values ('H1035',1);
Insert into ATTEND (SSN,EVENTNO) values ('M1014',1);
Insert into ATTEND (SSN,EVENTNO) values ('M1016',1);
Insert into ATTEND (SSN,EVENTNO) values ('M1022',1);
Insert into ATTEND (SSN,EVENTNO) values ('M1025',1);
Insert into ATTEND (SSN,EVENTNO) values ('M1026',1);
Insert into ATTEND (SSN,EVENTNO) values ('M1027',1);
Insert into ATTEND (SSN,EVENTNO) values ('M1028',1);
Insert into ATTEND (SSN,EVENTNO) values ('M1032',1);
Insert into ATTEND (SSN,EVENTNO) values ('M1033',1);
Insert into ATTEND (SSN,EVENTNO) values ('M1036',1);
Insert into ATTEND (SSN,EVENTNO) values ('M1037',1);
Insert into ATTEND (SSN,EVENTNO) values ('P1012',1);
Insert into ATTEND (SSN,EVENTNO) values ('P1013',1);
Insert into ATTEND (SSN,EVENTNO) values ('P1016',1);
Insert into ATTEND (SSN,EVENTNO) values ('P1017',1);
Insert into ATTEND (SSN,EVENTNO) values ('P1021',1);
Insert into ATTEND (SSN,EVENTNO) values ('P1023',1);
Insert into ATTEND (SSN,EVENTNO) values ('P1026',1);
Insert into ATTEND (SSN,EVENTNO) values ('P1027',1);
Insert into ATTEND (SSN,EVENTNO) values ('S1011',1);
Insert into ATTEND (SSN,EVENTNO) values ('S1012',1);
Insert into ATTEND (SSN,EVENTNO) values ('S1017',1);
Insert into ATTEND (SSN,EVENTNO) values ('S1018',1);
Insert into ATTEND (SSN,EVENTNO) values ('S1031',1);
Insert into ATTEND (SSN,EVENTNO) values ('S1032',1);
Insert into ATTEND (SSN,EVENTNO) values ('S1033',1);
REM INSERTING into PROGRESS
SET DEFINE OFF;
Insert into PROGRESS (EVENTNO,PROGNO,PCONTENT) values (1,1,'개회사');
Insert into PROGRESS (EVENTNO,PROGNO,PCONTENT) values (1,2,'11월 정산');
Insert into PROGRESS (EVENTNO,PROGNO,PCONTENT) values (1,3,'12월 예상일정');
Insert into PROGRESS (EVENTNO,PROGNO,PCONTENT) values (1,4,'회의 마무리');
Insert into PROGRESS (EVENTNO,PROGNO,PCONTENT) values (2,1,'현재 진행상태');
Insert into PROGRESS (EVENTNO,PROGNO,PCONTENT) values (2,2,'남은 일정');
Insert into PROGRESS (EVENTNO,PROGNO,PCONTENT) values (2,3,'업무 분담');
Insert into PROGRESS (EVENTNO,PROGNO,PCONTENT) values (3,1,'현재 진행상태');
Insert into PROGRESS (EVENTNO,PROGNO,PCONTENT) values (3,2,'남은 일정');
Insert into PROGRESS (EVENTNO,PROGNO,PCONTENT) values (3,3,'업무 분담');
Insert into PROGRESS (EVENTNO,PROGNO,PCONTENT) values (4,1,'프로젝트 변동 사항');
Insert into PROGRESS (EVENTNO,PROGNO,PCONTENT) values (4,2,'투표 진행 및 논의');
Insert into PROGRESS (EVENTNO,PROGNO,PCONTENT) values (4,3,'앞으로의 계획');
Insert into PROGRESS (EVENTNO,PROGNO,PCONTENT) values (5,1,'개회사');
Insert into PROGRESS (EVENTNO,PROGNO,PCONTENT) values (5,2,'2022년 연말정산');
Insert into PROGRESS (EVENTNO,PROGNO,PCONTENT) values (5,3,'2023년 계획');
Insert into PROGRESS (EVENTNO,PROGNO,PCONTENT) values (5,4,'겨울 휴가');
Insert into PROGRESS (EVENTNO,PROGNO,PCONTENT) values (5,5,'마무리');
REM INSERTING into VOTE
SET DEFINE OFF;
Insert into VOTE (EVENTNO,VOTENO,AGENDA,CONTENT,STARTTIME,FINISHTIME) values (1,1,'점심메뉴','마라탕 먹으러 갈 사람',to_date('22/11/30','RR/MM/DD'),to_date('22/11/30','RR/MM/DD'));
Insert into VOTE (EVENTNO,VOTENO,AGENDA,CONTENT,STARTTIME,FINISHTIME) values (1,2,'깻잎 떼주기','괜찮다 안 괜찮다',to_date('22/11/30','RR/MM/DD'),to_date('22/12/01','RR/MM/DD'));
Insert into VOTE (EVENTNO,VOTENO,AGENDA,CONTENT,STARTTIME,FINISHTIME) values (3,1,'저녁메뉴','국밥 먹으러 갈 사람',to_date('22/12/01','RR/MM/DD'),null);
Insert into VOTE (EVENTNO,VOTENO,AGENDA,CONTENT,STARTTIME,FINISHTIME) values (4,1,'저녁메뉴','국밥 먹으러 갈 사람',null,null);
REM INSERTING into PARTICIPATE
SET DEFINE OFF;
Insert into PARTICIPATE (SSN,EVENTNO,VOTENO,ANSWER) values ('D1017',1,2,2);
Insert into PARTICIPATE (SSN,EVENTNO,VOTENO,ANSWER) values ('D1018',1,2,2);
Insert into PARTICIPATE (SSN,EVENTNO,VOTENO,ANSWER) values ('D1019',1,2,2);
Insert into PARTICIPATE (SSN,EVENTNO,VOTENO,ANSWER) values ('D1024',1,2,2);
Insert into PARTICIPATE (SSN,EVENTNO,VOTENO,ANSWER) values ('D1025',1,2,2);
Insert into PARTICIPATE (SSN,EVENTNO,VOTENO,ANSWER) values ('D1028',1,2,2);
Insert into PARTICIPATE (SSN,EVENTNO,VOTENO,ANSWER) values ('D1029',1,2,2);
Insert into PARTICIPATE (SSN,EVENTNO,VOTENO,ANSWER) values ('D1031',1,2,2);
Insert into PARTICIPATE (SSN,EVENTNO,VOTENO,ANSWER) values ('D1032',1,2,2);
Insert into PARTICIPATE (SSN,EVENTNO,VOTENO,ANSWER) values ('G1013',1,2,2);
Insert into PARTICIPATE (SSN,EVENTNO,VOTENO,ANSWER) values ('G1035',1,2,2);
Insert into PARTICIPATE (SSN,EVENTNO,VOTENO,ANSWER) values ('G1036',1,2,2);
Insert into PARTICIPATE (SSN,EVENTNO,VOTENO,ANSWER) values ('H1015',1,2,2);
Insert into PARTICIPATE (SSN,EVENTNO,VOTENO,ANSWER) values ('H1017',1,2,2);
Insert into PARTICIPATE (SSN,EVENTNO,VOTENO,ANSWER) values ('H1020',1,2,2);
Insert into PARTICIPATE (SSN,EVENTNO,VOTENO,ANSWER) values ('H1021',1,2,2);
Insert into PARTICIPATE (SSN,EVENTNO,VOTENO,ANSWER) values ('H1034',1,2,2);
Insert into PARTICIPATE (SSN,EVENTNO,VOTENO,ANSWER) values ('H1035',1,2,2);
Insert into PARTICIPATE (SSN,EVENTNO,VOTENO,ANSWER) values ('M1014',1,2,1);
Insert into PARTICIPATE (SSN,EVENTNO,VOTENO,ANSWER) values ('M1016',1,2,1);
Insert into PARTICIPATE (SSN,EVENTNO,VOTENO,ANSWER) values ('M1022',1,2,1);
Insert into PARTICIPATE (SSN,EVENTNO,VOTENO,ANSWER) values ('M1025',1,2,1);
Insert into PARTICIPATE (SSN,EVENTNO,VOTENO,ANSWER) values ('M1026',1,2,1);
Insert into PARTICIPATE (SSN,EVENTNO,VOTENO,ANSWER) values ('M1027',1,2,1);
Insert into PARTICIPATE (SSN,EVENTNO,VOTENO,ANSWER) values ('M1028',1,2,1);
Insert into PARTICIPATE (SSN,EVENTNO,VOTENO,ANSWER) values ('M1032',1,2,1);
Insert into PARTICIPATE (SSN,EVENTNO,VOTENO,ANSWER) values ('M1033',1,2,1);
Insert into PARTICIPATE (SSN,EVENTNO,VOTENO,ANSWER) values ('M1036',1,2,1);
Insert into PARTICIPATE (SSN,EVENTNO,VOTENO,ANSWER) values ('M1037',1,2,1);
Insert into PARTICIPATE (SSN,EVENTNO,VOTENO,ANSWER) values ('P1012',1,2,1);
Insert into PARTICIPATE (SSN,EVENTNO,VOTENO,ANSWER) values ('P1013',1,2,1);
Insert into PARTICIPATE (SSN,EVENTNO,VOTENO,ANSWER) values ('P1016',1,2,1);
Insert into PARTICIPATE (SSN,EVENTNO,VOTENO,ANSWER) values ('P1017',1,2,2);
Insert into PARTICIPATE (SSN,EVENTNO,VOTENO,ANSWER) values ('P1021',1,2,2);
Insert into PARTICIPATE (SSN,EVENTNO,VOTENO,ANSWER) values ('P1023',1,2,2);
Insert into PARTICIPATE (SSN,EVENTNO,VOTENO,ANSWER) values ('P1026',1,2,2);
Insert into PARTICIPATE (SSN,EVENTNO,VOTENO,ANSWER) values ('P1027',1,2,2);
Insert into PARTICIPATE (SSN,EVENTNO,VOTENO,ANSWER) values ('S1011',1,2,2);
Insert into PARTICIPATE (SSN,EVENTNO,VOTENO,ANSWER) values ('S1012',1,2,2);
Insert into PARTICIPATE (SSN,EVENTNO,VOTENO,ANSWER) values ('S1017',1,2,1);
Insert into PARTICIPATE (SSN,EVENTNO,VOTENO,ANSWER) values ('S1018',1,2,1);
Insert into PARTICIPATE (SSN,EVENTNO,VOTENO,ANSWER) values ('S1031',1,2,1);
Insert into PARTICIPATE (SSN,EVENTNO,VOTENO,ANSWER) values ('S1032',1,2,1);
Insert into PARTICIPATE (SSN,EVENTNO,VOTENO,ANSWER) values ('S1033',1,2,1);
Insert into PARTICIPATE (SSN,EVENTNO,VOTENO,ANSWER) values ('D1017',1,1,1);
Insert into PARTICIPATE (SSN,EVENTNO,VOTENO,ANSWER) values ('D1018',1,1,1);
Insert into PARTICIPATE (SSN,EVENTNO,VOTENO,ANSWER) values ('D1019',1,1,1);
Insert into PARTICIPATE (SSN,EVENTNO,VOTENO,ANSWER) values ('D1024',1,1,1);
Insert into PARTICIPATE (SSN,EVENTNO,VOTENO,ANSWER) values ('D1025',1,1,1);
Insert into PARTICIPATE (SSN,EVENTNO,VOTENO,ANSWER) values ('D1028',1,1,1);
Insert into PARTICIPATE (SSN,EVENTNO,VOTENO,ANSWER) values ('D1029',1,1,1);
Insert into PARTICIPATE (SSN,EVENTNO,VOTENO,ANSWER) values ('D1031',1,1,1);
Insert into PARTICIPATE (SSN,EVENTNO,VOTENO,ANSWER) values ('D1032',1,1,1);
Insert into PARTICIPATE (SSN,EVENTNO,VOTENO,ANSWER) values ('G1013',1,1,3);
Insert into PARTICIPATE (SSN,EVENTNO,VOTENO,ANSWER) values ('G1035',1,1,3);
Insert into PARTICIPATE (SSN,EVENTNO,VOTENO,ANSWER) values ('G1036',1,1,3);
Insert into PARTICIPATE (SSN,EVENTNO,VOTENO,ANSWER) values ('H1015',1,1,3);
Insert into PARTICIPATE (SSN,EVENTNO,VOTENO,ANSWER) values ('H1017',1,1,3);
Insert into PARTICIPATE (SSN,EVENTNO,VOTENO,ANSWER) values ('H1020',1,1,3);
Insert into PARTICIPATE (SSN,EVENTNO,VOTENO,ANSWER) values ('H1021',1,1,1);
Insert into PARTICIPATE (SSN,EVENTNO,VOTENO,ANSWER) values ('H1034',1,1,2);
Insert into PARTICIPATE (SSN,EVENTNO,VOTENO,ANSWER) values ('H1035',1,1,3);
Insert into PARTICIPATE (SSN,EVENTNO,VOTENO,ANSWER) values ('M1014',1,1,2);
Insert into PARTICIPATE (SSN,EVENTNO,VOTENO,ANSWER) values ('M1016',1,1,3);
Insert into PARTICIPATE (SSN,EVENTNO,VOTENO,ANSWER) values ('M1022',1,1,1);
Insert into PARTICIPATE (SSN,EVENTNO,VOTENO,ANSWER) values ('M1025',1,1,2);
Insert into PARTICIPATE (SSN,EVENTNO,VOTENO,ANSWER) values ('M1026',1,1,2);
Insert into PARTICIPATE (SSN,EVENTNO,VOTENO,ANSWER) values ('M1027',1,1,2);
Insert into PARTICIPATE (SSN,EVENTNO,VOTENO,ANSWER) values ('M1028',1,1,2);
Insert into PARTICIPATE (SSN,EVENTNO,VOTENO,ANSWER) values ('M1032',1,1,2);
Insert into PARTICIPATE (SSN,EVENTNO,VOTENO,ANSWER) values ('M1033',1,1,2);
Insert into PARTICIPATE (SSN,EVENTNO,VOTENO,ANSWER) values ('M1036',1,1,2);
Insert into PARTICIPATE (SSN,EVENTNO,VOTENO,ANSWER) values ('M1037',1,1,3);
Insert into PARTICIPATE (SSN,EVENTNO,VOTENO,ANSWER) values ('P1012',1,1,2);
Insert into PARTICIPATE (SSN,EVENTNO,VOTENO,ANSWER) values ('P1013',1,1,1);
Insert into PARTICIPATE (SSN,EVENTNO,VOTENO,ANSWER) values ('P1016',1,1,2);
Insert into PARTICIPATE (SSN,EVENTNO,VOTENO,ANSWER) values ('P1017',1,1,3);
Insert into PARTICIPATE (SSN,EVENTNO,VOTENO,ANSWER) values ('P1021',1,1,1);
Insert into PARTICIPATE (SSN,EVENTNO,VOTENO,ANSWER) values ('P1023',1,1,2);
Insert into PARTICIPATE (SSN,EVENTNO,VOTENO,ANSWER) values ('P1026',1,1,1);
Insert into PARTICIPATE (SSN,EVENTNO,VOTENO,ANSWER) values ('P1027',1,1,2);
Insert into PARTICIPATE (SSN,EVENTNO,VOTENO,ANSWER) values ('S1011',1,1,3);
Insert into PARTICIPATE (SSN,EVENTNO,VOTENO,ANSWER) values ('S1012',1,1,2);
Insert into PARTICIPATE (SSN,EVENTNO,VOTENO,ANSWER) values ('S1017',1,1,3);
Insert into PARTICIPATE (SSN,EVENTNO,VOTENO,ANSWER) values ('S1018',1,1,1);
Insert into PARTICIPATE (SSN,EVENTNO,VOTENO,ANSWER) values ('S1031',1,1,2);
Insert into PARTICIPATE (SSN,EVENTNO,VOTENO,ANSWER) values ('S1032',1,1,3);
Insert into PARTICIPATE (SSN,EVENTNO,VOTENO,ANSWER) values ('S1033',1,1,2);
